<?xml version="1.0" encoding="UTF-8" ?>
<module>
    <name>sipay</name>
    <displayName><![CDATA[Fastpay]]></displayName>
    <version><![CDATA[6.0.0]]></version>
    <description><![CDATA[Fastpay accepts multiple forms of payment (Visa, MasterCard, AmericanExpress, UnionPayInternational, JCB, Discover and Dinners), Amazon Pay, PayPal, Google Pay, Apple Pay, Bizum, payment by transfer and payment financed through the Sipay payment wall . All payment methods with a single integration that help merchants sell more!]]></description>
    <author><![CDATA[Sipay]]></author>
    <tab><![CDATA[payments_gateways]]></tab>
    <is_configurable>1</is_configurable>
    <need_instance>0</need_instance>
	<limited_countries></limited_countries>
</module>